41.38,4.82,39.29,2.53,39.89,3.48,3.52,41.88,1.35,39.77,2.48,19.69,39.69,39.69,39.69,39.69,39.69,39.69,39.69
49.96,3.99,49.38,0.51,49.56,2.71,0.6,50.11,0.39,49.53,0.55,23.91,49.5,49.5,49.5,49.5,49.5,49.5,49.5
39.66,3.28,39.44,0.24,39.52,0.68,0.51,39.67,0.19,39.5,0.16,18.99,39.49,39.49,39.49,39.49,39.49,39.49,39.49
40.13,3.05,40.13,-0.03,40.14,1.06,-0.01,40.1,0.11,40.14,-0.06,19.27,40.14,40.14,40.14,40.14,40.14,40.14,40.14
49.94,-0.77,62.23,1.11,59.17,16.47,1.33,50.38,-0.25,59.85,-0.5,23.14,60.21,60.21,60.21,60.21,60.21,60.21,60.21
69.89,2.03,98.32,6.92,91.19,15.49,14.41,70.78,0.08,92.75,0.49,31.06,93.6,93.6,93.6,93.6,93.6,93.6,93.6
48.06,-0.09,67.33,2.92,62.48,11.73,6.61,48.43,-0.6,63.54,-0.95,21.45,64.09,64.09,64.09,64.09,64.09,64.09,64.09
26.65,2.58,33.56,2.12,31.81,-1.28,5.26,26.72,0.03,32.2,0.03,12.12,32.4,32.4,32.4,32.4,32.4,32.4,32.4
25.58,4.45,28.55,2.57,27.8,1.24,6.23,25.39,-0.02,27.96,1.37,12.2,28.05,28.05,28.05,28.05,28.05,28.05,28.05
26.93,1.02,35.05,0.28,32.94,6.86,1.94,26.26,-1.04,33.4,-0.94,12.16,33.65,33.65,33.65,33.65,33.65,33.65,33.65
29.58,0.96,39.64,0.4,37.03,8.66,2.38,29.02,-1.19,37.58,-1.08,13.03,37.89,37.89,37.89,37.89,37.89,37.89,37.89
29.59,2.37,41.46,1.86,38.35,11.54,5.68,28,-1.27,39.03,-0.09,14.03,39.39,39.39,39.39,39.39,39.39,39.39,39.39
29.85,-0.18,43.27,-0.27,39.73,10.67,2.28,26.55,-2.35,40.47,-2.21,15.81,40.89,40.89,40.89,40.89,40.89,40.89,40.89
27.52,1.51,38.7,0.95,35.74,9.83,4.17,24.95,-1.59,36.39,-0.81,14.19,36.74,36.74,36.74,36.74,36.74,36.74,36.74
20.93,0.12,28.68,-0.2,26.65,5.88,1.68,19.35,-1.63,27.08,-1.41,10.82,27.33,27.33,27.33,27.33,27.33,27.33,27.33
26.8,1.53,33.67,-0.01,31.02,3.8,1.37,24.4,-0.94,31.67,-0.88,14.01,32.02,32.02,32.02,32.02,32.02,32.02,32.02
29.95,2.27,43.31,0.61,36.96,7.38,2.15,26.55,-0.76,38.64,-0.61,13.79,39.5,39.5,39.5,39.5,39.5,39.5,39.5
26.27,1.08,31.96,-0.45,29.77,2.64,0.24,25.48,-0.85,30.33,-1.13,12.06,30.61,30.61,30.61,30.61,30.61,30.61,30.61
25.83,1.4,28.6,-0.31,27.38,0.73,0.35,24.9,-0.62,27.7,-0.71,12.53,27.86,27.86,27.86,27.86,27.86,27.86,27.86
25.4,1.26,32.58,-0.29,27.42,0.63,-0.01,23.16,-0.4,28.89,-0.64,12.61,29.62,29.62,29.62,29.62,29.62,29.62,29.62
44.54,0.12,56.46,-1.8,50.4,3.56,-1.76,37.02,-1.63,52.02,-2.77,27.07,52.84,52.84,52.84,52.84,52.84,52.84,52.84
28.6,0.94,32.45,-0.75,30.5,0.72,-0.58,25.17,-0.69,31.02,-1.15,16.19,31.29,31.29,31.29,31.29,31.29,31.29,31.29
20.12,1.36,23.46,-0.46,20.5,-1.28,-0.13,19.03,-0.52,21.36,-0.57,9.19,21.79,21.79,21.79,21.79,21.79,21.79,21.79
21.29,0.39,21.28,-1.45,21.25,-1.9,-1.14,20.05,-1.46,21.26,-1.57,10.23,21.26,21.26,21.26,21.26,21.26,21.26,21.26
21.66,0.45,21.83,-1.37,21.76,-1.91,-0.99,20.38,-1.43,21.77,-1.54,10.49,21.78,21.78,21.78,21.78,21.78,21.78,21.78
23.21,0.67,23.86,-1.15,23.68,-1.92,-0.55,22.34,-1.35,23.72,-1.46,10.83,23.74,23.74,23.74,23.74,23.74,23.74,23.74
19.22,0.47,22.78,-1.27,19.51,-1.97,-0.87,17.16,-1.41,20.46,-1.39,8.51,20.94,20.94,20.94,20.94,20.94,20.94,20.94
21.7,-0.36,22.4,-2.43,22.12,-2.63,-2.23,17.82,-2.24,22.18,-2.6,13.05,22.22,22.22,22.22,22.22,22.22,22.22,22.22
20.43,-0.55,20.56,-2.44,20.46,-2.95,-2.16,17.29,-2.4,20.49,-2.56,11.07,20.49,20.49,20.49,20.49,20.49,20.49,20.49
20.9,-0.5,21.02,-2.44,20.92,-2.91,-2.13,18.19,-2.41,20.94,-2.56,10.75,20.96,20.96,20.96,20.96,20.96,20.96,20.96
22.81,-0.01,23.59,-2.08,23.31,-2.26,-1.87,19.44,-1.92,23.38,-2.26,12.97,23.41,23.41,23.41,23.41,23.41,23.41,23.41
24.56,0.25,26.11,-1.67,25.23,-1.48,-1.38,21.59,-1.64,25.47,-1.88,12.71,25.59,25.59,25.59,25.59,25.59,25.59,25.59
23.51,0.1,24.16,-1.81,23.94,-1.77,-1.53,20.78,-1.77,23.99,-2,12.02,24.01,24.01,24.01,24.01,24.01,24.01,24.01
24.21,0.06,30.93,-1.93,26.01,-1.68,-1.71,19.29,-1.87,27.41,-2.25,13.24,28.11,28.11,28.11,28.11,28.11,28.11,28.11
23.96,-0.27,25.95,-2.39,24.92,-2.29,-2.27,17.87,-2.14,25.18,-2.65,15.89,25.32,25.32,25.32,25.32,25.32,25.32,25.32
28.06,-0.22,30.34,-2.32,29.56,-1.34,-2.23,20.5,-2.05,29.74,-2.68,19.43,29.81,29.81,29.81,29.81,29.81,29.81,29.81
21.77,-0.44,21.83,-2.44,21.69,-3.03,-2.16,17.35,-2.38,21.73,-2.57,12.72,21.74,21.74,21.74,21.74,21.74,21.74,21.74
22.65,-0.57,23.13,-2.51,22.92,-2.74,-2.26,18.9,-2.46,22.97,-2.69,11.75,22.99,22.99,22.99,22.99,22.99,22.99,22.99
24.07,-1.15,26.04,-2.87,25.38,-1.85,-2.75,17.78,-2.71,25.52,-3.2,15.67,25.6,25.6,25.6,25.6,25.6,25.6,25.6
20.55,-1.84,23.3,-3.08,22.44,-1.26,-3.08,14.5,-2.88,22.64,-3.46,14.02,22.72,22.72,22.72,22.72,22.72,22.72,22.72
18.59,-1.24,22.5,-3.1,19.08,-3.68,-2.77,12.6,-3.13,20.07,-3.25,12.04,20.55,20.55,20.55,20.55,20.55,20.55,20.55
20.83,-2.39,23.79,-3.66,22.82,-1.72,-3.65,14.99,-3.47,23.05,-4.06,13.7,23.16,23.16,23.16,23.16,23.16,23.16,23.16
22.6,-1.74,24.01,-3.67,23.37,-3.33,-3.47,16.88,-3.54,23.52,-3.92,14.48,23.61,23.61,23.61,23.61,23.61,23.61,23.61
29.67,-3.19,38.76,-3.99,35,1.54,-4.25,21.78,-3.67,35.93,-4.87,19.82,36.44,36.44,36.44,36.44,36.44,36.44,36.44
25.94,-2.46,29.97,-4.2,28.15,-2.29,-4.1,19.3,-4,28.62,-4.64,16.69,28.85,28.85,28.85,28.85,28.85,28.85,28.85
27.52,-2.81,31.23,-4.5,30.11,-1.95,-4.49,20.6,-4.24,30.35,-5.01,17.86,30.48,30.48,30.48,30.48,30.48,30.48,30.48
25.62,-6.64,38.45,-5.3,35,6.15,-6.15,19.12,-4.8,35.76,-6.72,16.14,36.16,36.16,36.16,36.16,36.16,36.16,36.16
28.17,-3.05,33.23,-4.37,31.74,-0.59,-4.48,21.06,-4.05,32.07,-5.01,18.51,32.25,32.25,32.25,32.25,32.25,32.25,32.25
24.29,-2.09,32.39,-3.73,26.9,-2.16,-3.58,15.89,-3.67,28.42,-4.19,16.63,29.19,29.19,29.19,29.19,29.19,29.19,29.19
25.86,-7.24,41.54,-5.84,36.01,6.16,-6.68,17.67,-5.33,37.34,-7.32,17.28,38.06,38.06,38.06,38.06,38.06,38.06,38.06
22.71,-2.87,25.25,-4.57,24.35,-3.16,-4.48,15.7,-4.36,24.56,-4.93,15.96,24.67,24.67,24.67,24.67,24.67,24.67,24.67
19.82,-1.96,24.74,-3.81,20.83,-3.86,-3.52,13.4,-3.81,21.96,-4.03,12.66,22.49,22.49,22.49,22.49,22.49,22.49,22.49
24.29,-3.71,28.87,-4.95,27.48,-1.55,-5.06,16.08,-4.63,27.78,-5.53,17.56,27.96,27.96,27.96,27.96,27.96,27.96,27.96
24.55,-3.58,29.54,-4.92,27.63,-1.82,-4.96,17.49,-4.65,28.09,-5.48,16.29,28.33,28.33,28.33,28.33,28.33,28.33,28.33
24.86,-2.44,26.65,-4.63,25.8,-4.15,-4.4,17.98,-4.46,26.02,-4.91,16.56,26.12,26.12,26.12,26.12,26.12,26.12,26.12
24.49,-1.77,25.78,-3.79,25.15,-3.44,-3.51,18.36,-3.71,25.3,-4.04,15.74,25.38,25.38,25.38,25.38,25.38,25.38,25.38
27.38,-1.72,30.03,-3.88,28.7,-3.07,-3.67,20.03,-3.72,29.04,-4.21,18.42,29.22,29.22,29.22,29.22,29.22,29.22,29.22
31.12,-3.23,36.46,-3.39,33.86,1.51,-2.87,22.98,-4.07,34.52,-4.01,18.01,34.87,34.87,34.87,34.87,34.87,34.87,34.87
27.56,-1.64,34.85,-3.7,29.72,-2.63,-3.43,19.87,-3.66,31.1,-4.11,17.68,31.84,31.84,31.84,31.84,31.84,31.84,31.84
28.69,-2.39,31.99,-4.67,30.29,-3.6,-4.45,21.82,-4.49,30.72,-5.05,18.5,30.95,30.95,30.95,30.95,30.95,30.95,30.95
30.64,-3.39,37.2,-5,34.17,-1.49,-4.95,23.18,-4.8,34.92,-5.64,19.47,35.35,35.35,35.35,35.35,35.35,35.35,35.35
33.84,-5.71,43.25,-6.29,40.63,1.61,-6.72,24.57,-5.82,41.21,-7.42,23.05,41.53,41.53,41.53,41.53,41.53,41.53,41.53
28.9,-6.95,29.96,-10.23,27.43,-6.38,-7.63,19.82,-3.84,28.2,-9.6,17.21,28.56,28.56,28.56,28.56,28.56,28.56,28.56
29.35,-6.21,40.43,-9.58,33.37,-6.62,-8.72,15.44,-4.99,35.31,-9.72,14.94,36.27,36.27,36.27,36.27,36.27,36.27,36.27
42.79,-6.34,49.57,-9.1,47.48,-4.26,-9.14,28.25,-8.53,47.97,-9.99,32.38,48.16,48.16,48.16,48.16,48.16,48.16,48.16
30.29,-4.29,35.37,-5.85,33.85,-1.9,-5.88,21.31,-5.55,34.2,-6.52,20.93,34.35,34.35,34.35,34.35,34.35,34.35,34.35
29.62,-6.99,32.75,-11.04,30.92,-8.38,-9.75,21.35,-3.55,31.41,-10.76,18.31,31.63,31.63,31.63,31.63,31.63,31.63,31.63
34.83,-5.69,35.39,-9.99,35.03,-5.84,-7.91,25.26,0,35.13,-9.38,23.29,35.13,35.13,35.13,35.13,35.13,35.13,35.13
48.67,-6.78,55.48,-10.02,53.4,-5.93,-10.06,34.64,-9.31,53.87,-10.93,34.2,54.11,54.11,54.11,54.11,54.11,54.11,54.11
49.14,-7.05,55.88,-12.39,53.81,-6.39,-11.16,35,0,54.27,-12.26,34.95,54.52,54.52,54.52,54.52,54.52,54.52,54.52
40.32,-7.57,45.13,-12.24,43.57,-8.21,-11.26,27.16,-3.32,43.91,-12.18,29.16,44.11,44.11,44.11,44.11,44.11,44.11,44.11
40.24,-6.56,44.53,-10.87,43.11,-6.93,-9.89,27.15,-3.17,43.43,-10.87,29.43,43.6,43.6,43.6,43.6,43.6,43.6,43.6
50.84,-6.05,57.87,-10.42,55.69,-5.02,-9.77,35.52,-3.18,56.18,-10.8,36.74,56.44,56.44,56.44,56.44,56.44,56.44,56.44
72.4,-7.5,87.37,-11.44,83.12,0.19,-11.36,53.79,-2.98,84.05,-12.64,50.15,84.55,84.55,84.55,84.55,84.55,84.55,84.55
74.74,-11.56,89.86,-17.56,85.49,-4.07,-16.48,55.34,0,86.46,-18.02,49.72,86.98,86.98,86.98,86.98,86.98,86.98,86.98
79.82,-8.26,95.94,-13.06,91.28,0.62,-12.61,59.5,0,92.31,-14.07,53.4,92.86,92.86,92.86,92.86,92.86,92.86,92.86
170.22,-6.07,203.83,-10.84,194.25,13.78,-12.66,134.25,-8.41,196.39,-15.05,111.32,197.54,197.54,197.54,197.54,197.54,197.54,197.54
120.08,-8.99,153.34,-9.31,144.15,16.22,-11.35,92.97,-7.28,146.17,-13.25,79.55,147.27,147.27,147.27,147.27,147.27,147.27,147.27
78.66,-5.12,96.19,-7.14,91.18,5.05,-8.07,59.06,-5.89,92.29,-9.34,53.5,92.89,92.89,92.89,92.89,92.89,92.89,92.89
69.13,-5.88,84.94,-6.95,80,5.64,-7.96,48.83,-5.77,81.07,-9.07,35.77,81.66,81.66,81.66,81.66,81.66,81.66,81.66
83.25,-4.88,95.46,-6.75,90.1,5.97,-7.56,44.38,-5.72,91.29,-8.94,33.35,91.93,91.93,91.93,91.93,91.93,91.93,91.93
73.27,-3.85,87.57,-5.95,83.16,6.18,-7.39,50.93,-4.41,84.17,-7.58,48.86,84.63,84.63,84.63,84.63,84.63,84.63,84.63
71.66,-2.05,83.48,-4.15,80,6.33,-4.95,52.91,-3.27,80.76,-5.52,50.66,81.2,81.2,81.2,81.2,81.2,81.2,81.2
46.7,-0.22,51.62,-2.55,50.01,2.22,-2.16,32.97,0,50.38,-3.07,34.56,50.57,50.57,50.57,50.57,50.57,50.57,50.57
36.63,-0.3,40.57,-2.51,39.27,-0.4,-2.46,24.78,-2.14,39.54,-3.09,28.77,39.71,39.71,39.71,39.71,39.71,39.71,39.71
42.46,-0.25,47.95,-2.31,46.24,1.35,-2.43,29.44,-1.88,46.61,-3.05,32.6,46.82,46.82,46.82,46.82,46.82,46.82,46.82
38.43,-0.3,42.62,-2.51,41.31,-0.08,-2.51,29.19,-2.17,41.6,-3.12,26.25,41.76,41.76,41.76,41.76,41.76,41.76,41.76
45.95,-0.45,51.78,-2.83,50,1.14,-3.08,34.92,-2.27,50.4,-3.59,31.6,50.61,50.61,50.61,50.61,50.61,50.61,50.61
49.31,-0.33,55.76,-2.75,53.86,1.77,-3.03,38.96,-2.14,54.26,-3.58,32.11,54.5,54.5,54.5,54.5,54.5,54.5,54.5
49.81,-0.41,56.2,-2.83,54.2,1.71,-3.11,35.1,-2.19,54.6,-3.66,37.84,54.89,54.89,54.89,54.89,54.89,54.89,54.89
50.78,-0.4,57.27,-2.84,55.3,2,-3.16,37.94,-2.18,55.72,-3.67,35.91,55.97,55.97,55.97,55.97,55.97,55.97,55.97
50.69,-0.01,57.43,-2.46,55.37,2.38,-2.85,37.32,-1.7,55.84,-3.29,36.94,56.08,56.08,56.08,56.08,56.08,56.08,56.08
50.77,-0.03,57.41,-2.47,55.42,2.21,-2.8,38.69,-1.79,55.86,-3.32,35.29,56.1,56.1,56.1,56.1,56.1,56.1,56.1
50.32,0.2,56.82,-2.2,54.91,2.39,-2.5,39.89,-1.56,55.33,-3.04,33.14,55.56,55.56,55.56,55.56,55.56,55.56,55.56
40.91,0.22,46.09,-2.22,44.55,0.61,-2.43,32.33,-1.56,44.89,-2.89,27.45,45.07,45.07,45.07,45.07,45.07,45.07,45.07
28.89,0.15,31.26,-2.11,30.49,-1.04,-2.03,22.76,-1.67,30.66,-2.43,19.57,30.76,30.76,30.76,30.76,30.76,30.76,30.76
23.75,0.41,23.45,-2.1,23.75,-0.81,-0.91,19.15,0,23.7,-1.89,16.03,23.67,23.67,23.67,23.67,23.67,23.67,23.67
23.57,0.44,23.35,-3.07,23.67,-0.82,-1.26,18.72,4.71,23.62,-2.36,16.65,23.59,23.59,23.59,23.59,23.59,23.59,23.59
20.65,-0.68,18.59,-2.95,19.04,-0.47,-1.3,16.56,0,18.95,-2.56,14.54,18.89,18.89,18.89,18.89,18.89,18.89,18.89
23.46,-0.14,21.28,-3.22,21.81,0.79,-1.04,21.52,0,21.7,-2.67,17.18,21.63,21.63,21.63,21.63,21.63,21.63,21.63
26.72,0.87,23.38,-4.67,24.14,2.74,-0.49,21.8,12.17,24,-2.8,24.35,23.91,23.91,23.91,23.91,23.91,23.91,23.91
24.7,0.06,22.75,-3.43,23.41,1.55,-0.81,19.81,0.86,23.29,-2.71,22.31,23.21,23.21,23.21,23.21,23.21,23.21,23.21
25.78,1.16,24.77,-4.16,25,-5.93,-0.3,20.61,11.54,24.96,-2.5,24.7,24.93,24.93,24.93,24.93,24.93,24.93,24.93
26.21,1.35,26.74,-4.26,26.85,-8.64,-0.26,20.51,12,26.85,-2.55,26.68,26.83,26.83,26.83,26.83,26.83,26.83,26.83
28.83,2.18,31.91,-4.73,31.88,-10.42,-0.04,21.07,23.17,31.93,-2.45,30.28,31.93,31.93,31.93,31.93,31.93,31.93,31.93
33.69,2.67,35.02,-5.08,34.5,-12.25,0.22,25.89,27,34.6,-2.43,34.27,34.67,34.67,34.67,34.67,34.67,34.67,34.67
34.64,3.95,35.96,-5.4,35.4,-14.1,1.29,26.29,35.87,35.52,-1.74,35.07,35.6,35.6,35.6,35.6,35.6,35.6,35.6
34.45,3.82,35.83,-5.25,35.26,-13.59,1.2,26.16,34.36,35.39,-1.77,34.88,35.46,35.46,35.46,35.46,35.46,35.46,35.46
34.04,2.49,35.7,-4.43,35.05,-11.54,0.23,25.25,23.37,35.18,-2.25,35.21,35.28,35.28,35.28,35.28,35.28,35.28,35.28
38.12,2.24,41.02,-3.67,40,-8.8,-0.02,27.36,18.01,40.23,-2.25,39.43,40.36,40.36,40.36,40.36,40.36,40.36,40.36
27.53,3.73,25.68,-5.72,25.98,-15.79,1.78,20.98,37.46,25.92,-1.57,29.1,25.88,25.88,25.88,25.88,25.88,25.88,25.88
26.43,3.69,24.87,-5.65,25.1,-16.37,1.71,19.89,37.15,25.05,-1.53,28.46,25.03,25.03,25.03,25.03,25.03,25.03,25.03
29.72,3.83,26.74,-5.73,27.32,-12.48,2.17,22.5,38.18,27.21,-1.46,31.92,27.13,27.13,27.13,27.13,27.13,27.13,27.13
30.35,2.72,26.36,-4.67,27.23,-3.18,1.49,23.27,26.47,27.05,-1.75,33.16,26.94,26.94,26.94,26.94,26.94,26.94,26.94
30.82,3.22,27.18,-5.64,27.92,-9.21,1.83,22.36,34.21,27.78,-1.8,34.24,27.69,27.69,27.69,27.69,27.69,27.69,27.69
32.5,2.86,27.67,-5.24,28.71,-1.55,1.68,23.18,29.81,28.5,-1.9,37.2,28.37,28.37,28.37,28.37,28.37,28.37,28.37
32.53,1.07,27.55,-4.46,28.58,3.22,0.17,23.13,15.45,28.38,-2.8,39.64,28.25,28.25,28.25,28.25,28.25,28.25,28.25
33.21,1.55,30.69,-4.24,31.12,4.41,-0.15,23.36,15.82,31.06,-2.72,39.54,30.99,30.99,30.99,30.99,30.99,30.99,30.99
33.56,1.59,31.19,-4.14,31.58,4.69,-0.11,23.54,15.54,31.53,-2.68,40.5,31.48,31.48,31.48,31.48,31.48,31.48,31.48
32.45,1.98,32.96,-3.84,32.59,3.99,-0.74,22.54,15.16,32.68,-2.64,39.57,32.73,32.73,32.73,32.73,32.73,32.73,32.73
34.19,2.21,31.54,-4.33,32,5.76,0.28,24,20,31.92,-2.34,41.26,31.86,31.86,31.86,31.86,31.86,31.86,31.86
40.28,1.47,37.57,-4.16,37.95,6.4,0.06,28.93,15.67,37.9,-2.72,44.09,37.85,37.85,37.85,37.85,37.85,37.85,37.85
38.07,1.47,35.54,-3.33,35.96,5.83,0,27.77,10.47,35.89,-3.86,42.93,35.84,35.84,35.84,35.84,35.84,35.84,35.84
33.74,1.4,31.51,-3.25,31.85,4.32,0.01,24.21,11.28,31.79,-2.4,38.13,31.75,31.75,31.75,31.75,31.75,31.75,31.75
33.41,1.21,31.23,-3.33,31.56,4.05,-0.11,23.74,10.67,31.53,-2.43,38.44,31.47,31.47,31.47,31.47,31.47,31.47,31.47
32.87,0.86,29.55,-3.76,30.18,3.57,-0.25,23.46,10.72,30.08,-2.83,37.5,30,30,30,30,30,30,30
33.72,1.05,31.08,-2.91,31.55,3.46,-0.03,23.57,10.91,31.46,-2.78,34.93,31.41,31.41,31.41,31.41,31.41,31.41,31.41
34.19,1.33,33.85,-1.32,33.69,2.32,-0.35,23.64,10.92,33.76,-2.85,34.69,33.77,33.77,33.77,33.77,33.77,33.77,33.77
39.38,2.83,31.86,-3.76,33.53,6.7,2.13,28.81,34.17,33.22,-1.25,38.52,33,33,33,33,33,33,33
37.45,2.49,30.42,-1.46,31.99,5.84,2.73,27.18,20.07,31.69,-1.16,35.97,31.49,31.49,31.49,31.49,31.49,31.49,31.49
33.22,1.53,30.18,-0.8,30.74,3.2,1.02,23.23,10.9,30.65,-1.58,33.33,30.57,30.57,30.57,30.57,30.57,30.57,30.57
30.7,0.65,30.43,-2.26,30.27,0.82,-0.93,20.75,12.62,30.32,-2.14,32.06,30.34,30.34,30.34,30.34,30.34,30.34,30.34
34.97,1.59,28.59,-4.06,30.06,4.32,0.99,26.1,27.2,29.77,-2.64,33.86,29.58,29.58,29.58,29.58,29.58,29.58,29.58
37.53,1.78,30.31,-4.35,31.99,5.12,1.31,28.68,29.41,31.67,-2.81,35.08,31.45,31.45,31.45,31.45,31.45,31.45,31.45
45.55,2.09,44.2,-4.43,44.3,5.7,0.19,33.4,30.41,44.31,-2.42,42.68,44.29,44.29,44.29,44.29,44.29,44.29,44.29
40.24,1.47,38.77,-3.37,38.93,4.13,0.02,29.58,20.83,38.91,-2.53,36.38,38.89,38.89,38.89,38.89,38.89,38.89,38.89
38.52,1.84,36.65,-4.25,36.93,3.95,0.03,28.68,26.93,36.89,-2.3,34.91,36.85,36.85,36.85,36.85,36.85,36.85,36.85
38.25,1.13,35.91,-4.42,36.32,3.79,-0.17,28.76,16.91,36.25,-2.64,31.7,36.2,36.2,36.2,36.2,36.2,36.2,36.2
31.98,0.71,30.66,-3.62,30.83,1.76,-0.88,23.66,15.5,30.8,-2.6,29.79,30.78,30.78,30.78,30.78,30.78,30.78,30.78
35.69,1.02,34.16,-4.14,34.37,3.25,-0.48,26.96,15.68,34.35,-2.61,30.45,34.32,34.32,34.32,34.32,34.32,34.32,34.32
30.14,1.58,25.63,-4.84,26.56,3.45,0.28,19.66,24.03,26.39,-2.32,31.74,26.26,26.26,26.26,26.26,26.26,26.26,26.26
28.83,1.19,24.75,-4.49,25.57,2.79,-0.01,18.7,18.81,25.42,-2.37,29.71,25.31,25.31,25.31,25.31,25.31,25.31,25.31
29.07,1.16,24.72,-5.36,25.64,3.03,-0.19,18.86,21.96,25.44,-2.75,29.76,25.33,25.33,25.33,25.33,25.33,25.33,25.33
35.74,1.48,32.87,-5.9,33.36,2.56,-0.23,23.16,25.58,33.25,-3.02,35.03,33.19,33.19,33.19,33.19,33.19,33.19,33.19
36.26,2.18,29.74,-7.22,31.16,0,1.2,24.32,36.61,30.88,-2.8,35.39,30.7,30.7,30.7,30.7,30.7,30.7,30.7
35.95,1.6,30.45,-6.41,31.61,5.13,0.39,24.11,29.42,31.39,-2.95,34.93,31.24,31.24,31.24,31.24,31.24,31.24,31.24
33.35,1.14,36.54,-3.94,35.37,-18.49,-0.96,19.89,23.29,35.61,-2.91,35.39,35.78,35.78,35.78,35.78,35.78,35.78,35.78
36.91,3.09,37.08,-6.88,36.77,-30.85,1.75,27.16,46,36.84,-2.26,29.8,36.89,36.89,36.89,36.89,36.89,36.89,36.89
28.88,3.34,29.21,-6.48,28.87,-38.81,1.77,20.48,46.37,28.93,-2.62,23.79,28.98,28.98,28.98,28.98,28.98,28.98,28.98
31.99,3.1,29.29,-6.94,29.79,-26.02,1.86,24.33,46.26,29.69,-2.07,25.9,29.62,29.62,29.62,29.62,29.62,29.62,29.62
28,3.4,27.7,-6.56,27.61,-38.86,1.8,22.22,47.66,27.61,-2.63,20.71,27.63,27.63,27.63,27.63,27.63,27.63,27.63
27.78,3.37,27.55,-5.88,27.42,-38.86,2.04,21.94,44.36,27.44,-2.23,20.47,27.46,27.46,27.46,27.46,27.46,27.46,27.46
27.27,1.85,24.78,-3.85,25.32,-9.5,0.55,22.81,20.37,25.21,-2.44,19.16,25.14,25.14,25.14,25.14,25.14,25.14,25.14
25.37,2.77,24.21,-2.22,24.39,-19.29,0.98,21.53,14.9,24.35,-5.82,16.93,24.33,24.33,24.33,24.33,24.33,24.33,24.33
24.9,2.46,24.23,-1.85,24.26,-22.9,0.75,20.06,11.81,24.26,-6.16,17.09,24.25,24.25,24.25,24.25,24.25,24.25,24.25
24.1,2.63,24.17,-1.1,23.96,-26.52,1.33,17.68,10.85,24,-4.56,18.7,24.03,24.03,24.03,24.03,24.03,24.03,24.03
23.6,2.91,22.67,-1.08,22.75,-14.98,1.33,17.67,11,22.73,-4.39,18.59,22.73,22.73,22.73,22.73,22.73,22.73,22.73
24.17,3.66,23.9,1.85,23.78,-23.62,4.22,17.9,8.87,23.79,1.32,39.23,23.82,23.82,23.82,23.82,23.82,23.82,23.82
22.35,2.36,21.65,-1.72,21.67,-13.5,0.34,16.61,10.29,21.67,-5.31,17.84,21.66,21.66,21.66,21.66,21.66,21.66,21.66
21.68,2.49,21.64,-1.72,21.48,-15.04,0.24,15.55,10.04,21.51,-5.04,18.11,21.54,21.54,21.54,21.54,21.54,21.54,21.54
23.22,4.78,22.98,-4.67,22.86,-24.12,1.73,17.03,42.89,22.87,-3.52,20.99,22.9,22.9,22.9,22.9,22.9,22.9,22.9
22.72,4.63,22.48,-4.68,22.35,-23.43,1.65,16.08,42,22.37,-3.33,21.5,22.4,22.4,22.4,22.4,22.4,22.4,22.4
23.7,5.89,23.29,-6.24,23.21,-28.25,2.43,17.58,58.4,23.21,-3.42,22.33,23.24,23.24,23.24,23.24,23.24,23.24,23.24
22.95,4.82,22.68,-4.72,22.57,-24.42,1.79,17.06,43.36,22.59,-3.57,20.86,22.6,22.6,22.6,22.6,22.6,22.6,22.6
23.76,6.59,23.33,-6.15,23.24,-32.2,3.03,17.25,62.92,23.26,-3.84,23.06,23.27,23.27,23.27,23.27,23.27,23.27,23.27
21.55,4.3,21.64,-0.96,21.34,-24.79,2.18,11.94,20,21.41,-4.71,23.22,21.45,21.45,21.45,21.45,21.45,21.45,21.45
22.35,7.16,21.71,-6.53,21.63,-35.41,3.6,14.25,69.61,21.63,-4.45,24.75,21.66,21.66,21.66,21.66,21.66,21.66,21.66
22.49,6.75,22.04,-5.75,21.96,-33.63,3.43,16.2,63.05,21.98,-3.72,22.19,21.99,21.99,21.99,21.99,21.99,21.99,21.99
21.69,6.51,21.41,-6.16,21.18,-32.53,3.02,11.33,63.36,21.21,-3.82,27.07,21.27,21.27,21.27,21.27,21.27,21.27,21.27
21.8,2.64,23.28,-1.57,22.63,-9.37,-0.14,11.45,19.99,22.75,0.5,25.08,22.84,22.84,22.84,22.84,22.84,22.84,22.84
21.82,2.49,23.25,-3.1,22.61,-4.46,-1.3,11.88,24.89,22.74,-0.31,25.27,22.84,22.84,22.84,22.84,22.84,22.84,22.84
23.48,1.63,25.4,-1.35,24.62,5.04,-2.54,12.79,8.72,24.78,-0.23,25.72,24.91,24.91,24.91,24.91,24.91,24.91,24.91
27.76,-0.25,38.71,-1.94,35.63,12.72,-2.74,15.92,15,36.32,-1.27,29.89,36.7,36.7,36.7,36.7,36.7,36.7,36.7
24.08,1.4,33.97,-1.73,31.2,10.82,-0.22,13.13,22.25,31.8,-0.65,27.9,32.16,32.16,32.16,32.16,32.16,32.16,32.16
27.31,3.81,40.19,-5.13,37.42,13.34,0.38,11.8,53.59,38.12,-1.2,32.05,38.43,38.43,38.43,38.43,38.43,38.43,38.43
24.92,2.38,37.77,1.72,35.09,12,1.75,9.93,12.95,35.77,1.57,26.34,36.07,36.07,36.07,36.07,36.07,36.07,36.07
23.72,4.33,34.68,-3.5,32.42,12.62,1,9.2,47.16,33,0.03,29.35,33.25,33.25,33.25,33.25,33.25,33.25,33.25
23.01,4.33,33.46,-3.55,31.24,12.12,1.15,8.73,47.28,31.82,-0.02,28.79,32.06,32.06,32.06,32.06,32.06,32.06,32.06
22.38,6.71,29.88,-4.04,28.33,14.89,1.01,8.66,62.38,28.74,1.51,31.17,28.92,28.92,28.92,28.92,28.92,28.92,28.92
23.88,4.66,34.45,-4.07,32.21,12.71,1.11,9.66,51.95,32.78,-0.09,29.83,33.03,33.03,33.03,33.03,33.03,33.03,33.03
24.45,4.66,33.96,-3.95,31.95,14.6,-0.4,9.85,51.08,32.47,0.43,30.86,32.7,32.7,32.7,32.7,32.7,32.7,32.7
18.75,7.08,24.04,-6.15,22.99,13.81,0.31,6.14,72.7,23.26,0.77,29.76,23.4,23.4,23.4,23.4,23.4,23.4,23.4
17.74,11.73,19.57,-7.64,19.31,16.8,2.09,5.84,103.42,19.43,2.62,33.8,19.45,19.45,19.45,19.45,19.45,19.45,19.45
19.98,15.92,22.02,4.47,21.72,19.83,9.82,7.67,71.2,21.84,10.67,34.19,21.86,21.86,21.86,21.86,21.86,21.86,21.86
18.84,20.13,19.66,10.49,19.59,20.38,16.2,5.76,65.12,19.66,15.39,33.08,19.66,19.66,19.66,19.66,19.66,19.66,19.66
18.13,19.19,19.14,9.96,19.06,19.66,15.32,5.87,62.24,19.13,14.67,32.65,19.13,19.13,19.13,19.13,19.13,19.13,19.13
17.37,19.46,18.05,11.49,18.01,19.14,16.41,5.14,56.65,18.07,15.5,30.76,18.07,18.07,18.07,18.07,18.07,18.07,18.07
19.6,21.31,20.2,13.33,20.13,21.17,18.19,5.65,58.52,20.2,17.36,32.04,20.2,20.2,20.2,20.2,20.2,20.2,20.2
19.41,19.24,21.06,19.17,20.77,20.5,18.57,5.6,19.67,20.89,19.29,28.59,20.92,20.92,20.92,20.92,20.92,20.92,20.92
19.18,20.95,20.23,19.11,20.07,20.86,20.18,5.49,29.65,20.16,20.04,29.47,20.17,20.17,20.17,20.17,20.17,20.17,20.17
18.95,19.72,20.29,18.98,20.06,20.31,19.08,5.38,23.22,20.17,19.4,28.38,20.19,20.19,20.19,20.19,20.19,20.19,20.19
19.21,18.9,21.28,18.82,20.97,20.47,18.08,6.77,19.43,21.1,18.97,30.32,21.12,21.12,21.12,21.12,21.12,21.12,21.12
18.36,21.12,20.56,21.12,20.38,21.05,21.01,7.21,21.25,20.46,21.11,30.68,20.48,20.48,20.48,20.48,20.48,20.48,20.48
18.48,20.29,20.41,20.26,20.19,20.61,20.03,5.59,20.5,20.29,20.3,29.15,20.31,20.31,20.31,20.31,20.31,20.31,20.31
17.74,22.51,20.46,14.88,20.04,18.26,14,4.97,15.37,20.19,15.1,25.33,20.22,20.22,20.22,20.22,20.22,20.22,20.22
16.69,7.19,22.3,6.82,21.55,15.62,3.42,5.35,9.39,21.78,7.64,24.5,21.86,21.86,21.86,21.86,21.86,21.86,21.86
16.68,6.91,22.1,6.55,21.35,15.39,3.13,5.13,9.12,21.57,7.37,23.6,21.66,21.66,21.66,21.66,21.66,21.66,21.66
16.47,6.81,21.83,6.45,21.08,15.2,3.07,5.03,8.99,21.31,7.27,23.32,21.39,21.39,21.39,21.39,21.39,21.39,21.39
16.28,5.54,21.82,5.15,21.04,14.6,1.51,4.86,7.88,21.27,6.03,22.34,21.36,21.36,21.36,21.36,21.36,21.36,21.36
15.12,4.71,20.81,4.32,20.04,13.66,0.73,4.64,7.03,20.28,5.19,21.85,20.35,20.35,20.35,20.35,20.35,20.35,20.35
14.54,3.12,21.19,2.89,20.26,12.12,-0.46,4.38,5.39,20.53,3.56,20.43,20.63,20.63,20.63,20.63,20.63,20.63,20.63
14.34,3.12,20.82,2.88,19.91,12.03,-0.47,4.25,5.38,20.18,3.56,20.24,20.28,20.28,20.28,20.28,20.28,20.28,20.28
14.07,1.88,19.87,1.76,19.07,10.93,-1.37,4.17,4.03,19.31,2.46,18.7,19.4,19.4,19.4,19.4,19.4,19.4,19.4
12.77,1.98,17.37,1.77,16.76,10.4,-1.3,3.55,4,16.94,2.56,17.31,17.01,17.01,17.01,17.01,17.01,17.01,17.01
12.9,1.24,18.19,1.1,17.46,9.97,-1.96,3.61,3.31,17.69,1.8,17.13,17.75,17.75,17.75,17.75,17.75,17.75,17.75
13.12,0.92,18.19,0.68,17.49,10.36,-2.81,3.71,3.19,17.7,1.56,17.36,17.78,17.78,17.78,17.78,17.78,17.78,17.78
13.85,0.12,19.56,-0.16,18.77,10.63,-4.03,3.96,2.65,19.01,0.8,17.99,19.08,19.08,19.08,19.08,19.08,19.08,19.08
13.86,-0.75,19.77,-1.08,18.96,10.47,-5.27,3.91,1.97,19.2,-0.02,17.8,19.29,19.29,19.29,19.29,19.29,19.29,19.29
14.3,-1.49,20.72,-1.84,19.82,9.13,-6.31,4.14,1.39,20.09,-0.71,18.01,20.19,20.19,20.19,20.19,20.19,20.19,20.19
12.84,-1.54,17.93,-2.03,17.25,-8.94,-3.72,2.91,3.35,17.45,-0.92,15.51,17.52,17.52,17.52,17.52,17.52,17.52,17.52
13.52,-1.57,18.83,-1.96,18.12,-9.04,-3.84,3.35,3,18.33,-0.86,16.05,18.41,18.41,18.41,18.41,18.41,18.41,18.41
13.1,-1.59,22.85,-1.71,21.41,7.82,-4.21,3.15,2.12,21.82,-1.41,17.31,21.97,21.97,21.97,21.97,21.97,21.97,21.97
13.04,-0.35,21.19,-0.94,20.01,9.12,-3.75,3.1,4.55,20.35,-0.21,18.06,20.47,20.47,20.47,20.47,20.47,20.47,20.47
12.69,0.15,18.02,-0.37,17.3,-3.29,-2.55,2.88,4.36,17.52,0.66,16.82,17.59,17.59,17.59,17.59,17.59,17.59,17.59
13,0.01,21.09,-0.17,19.92,9.19,-3.11,3.08,2.99,20.26,0.32,17.99,20.38,20.38,20.38,20.38,20.38,20.38,20.38
14.07,-0.45,20.13,-0.98,19.31,-3.37,-3.67,3.48,3.92,19.55,0.17,18.16,19.64,19.64,19.64,19.64,19.64,19.64,19.64
13.93,-0.4,19.8,-0.78,19.01,-6,-3.16,3.39,3.53,19.24,0.28,17.75,19.32,19.32,19.32,19.32,19.32,19.32,19.32
14.19,-0.13,19.54,-0.25,18.89,-5.83,-2.4,3.52,2.47,19.1,0.64,17.71,19.16,19.16,19.16,19.16,19.16,19.16,19.16
14.58,-0.05,19.46,-0.14,18.83,-4.14,-2.34,3.88,2.31,19.02,0.73,17.98,19.09,19.09,19.09,19.09,19.09,19.09,19.09
14.53,0.15,19.53,0.25,18.87,-3.74,-2.13,3.84,1.6,19.08,1.02,18.04,19.15,19.15,19.15,19.15,19.15,19.15,19.15
14.19,0.07,19.36,0.18,18.68,-4.57,-2.2,3.55,1.55,18.89,0.95,17.81,18.96,18.96,18.96,18.96,18.96,18.96,18.96
14,0.74,19.54,0.81,18.8,-3.72,-1.7,3.44,2.37,19.02,1.58,18.19,19.09,19.09,19.09,19.09,19.09,19.09,19.09
14.19,1.57,20.07,1.58,19.47,1.06,-1.11,3.53,3.3,19.68,2.37,18.93,19.73,19.73,19.73,19.73,19.73,19.73,19.73
14.42,4.36,22.69,4.12,22.32,11.85,0.68,3.51,6.63,22.55,4.99,21.09,22.56,22.56,22.56,22.56,22.56,22.56,22.56
13.99,4.2,20.5,3.99,19.79,12.57,0.79,3.48,6.4,20.03,4.7,20.93,20.09,20.09,20.09,20.09,20.09,20.09,20.09
13.48,4.27,20.26,4,19.75,12.67,0.67,2.98,6.49,19.97,4.82,20.55,20.01,20.01,20.01,20.01,20.01,20.01,20.01
12.18,3.85,18.67,3.62,18.25,11.54,0.6,1.92,5.86,18.44,4.37,19.21,18.47,18.47,18.47,18.47,18.47,18.47,18.47
6.91,6.03,8.6,6.11,8.44,7.52,5.71,-1.74,6.37,8.51,6.22,14.69,8.52,8.52,8.52,8.52,8.52,8.52,8.52
6.88,3.86,13.68,3.89,14.12,7.46,2.79,-2.09,4.55,14.21,4.22,13.23,14.11,14.11,14.11,14.11,14.11,14.11,14.11
13.1,6.82,19.88,6.62,19.63,13.28,4.04,2.71,8.53,19.82,7.25,20.92,19.81,19.81,19.81,19.81,19.81,19.81,19.81
12.61,16.7,19.68,16.77,20.4,16.4,16.9,1.97,16.61,20.46,16.76,23.71,20.32,20.32,20.32,20.32,20.32,20.32,20.32
13.12,14.49,20.57,14.5,21.05,16.12,13.76,2.43,14.95,21.14,14.67,23.6,21.04,21.04,21.04,21.04,21.04,21.04,21.04
13.5,17.81,20.3,17.84,20.94,17.44,17.92,2.72,17.74,21,17.83,25.09,20.87,20.87,20.87,20.87,20.87,20.87,20.87
14.49,18.02,22.2,18.24,22.89,18.32,17.96,3.46,18.21,22.96,18.25,25.96,22.82,22.82,22.82,22.82,22.82,22.82,22.82
14.42,17.6,21.16,17.82,21.68,17.96,17.51,3.48,17.83,21.75,17.83,25.86,21.65,21.65,21.65,21.65,21.65,21.65,21.65
17.3,21,21.97,21.01,22.22,20.75,21.01,5.95,21.03,22.29,21,29.7,22.23,22.23,22.23,22.23,22.23,22.23,22.23
14.46,18.44,20.23,18.46,20.69,18.13,18.51,3.57,18.42,20.75,18.46,26.24,20.66,20.66,20.66,20.66,20.66,20.66,20.66
14.53,18.35,20.63,18.44,21.12,18.24,18.34,3.61,18.43,21.18,18.46,26.28,21.08,21.08,21.08,21.08,21.08,21.08,21.08
15.26,19.21,20.82,19.23,21.23,18.91,19.27,4.24,19.19,21.3,19.22,27.23,21.21,21.21,21.21,21.21,21.21,21.21,21.21
18.26,22.11,23.14,22.12,23.39,21.85,22.12,6.52,22.13,23.47,22.11,31.01,23.41,23.41,23.41,23.41,23.41,23.41,23.41
19.38,23.12,23.86,23.13,24.05,22.88,23.12,7.48,23.16,24.13,23.12,32.34,24.08,24.08,24.08,24.08,24.08,24.08,24.08